<?xml version="1.0"?>
<!DOCTYPE hibernate-mapping PUBLIC "-//Hibernate/Hibernate Mapping DTD 3.0//EN"
"http://hibernate.sourceforge.net/hibernate-mapping-3.0.dtd">
<!-- Generated Mar 25, 2019 2:38:32 PM by Hibernate Tools 3.5.0.Final -->
<hibernate-mapping>
    <class name="com.niit.hiber.Person" table="PERSON">
        <id name="id" type="int">
            <column name="ID" />
            <generator class="native" />
        </id>
        <property name="name" type="java.lang.String">
            <column name="NAME" />
        </property>
        <property name="emailAddress" type="java.lang.String">
            <column name="EMAILADDRESS" />
        </property>
        
        
        <component name="job" class="com.niit.hiber.Job">
        	<property name="designation" column="designation" type="string"></property>
        	<property name="salary" column="salary" type="int"></property>
        	<property name="jobDescription" column="job_description" type="string"></property>
        </component>
    </class>
</hibernate-mapping>
