<?xml version="1.0"?>
<!DOCTYPE hibernate-mapping PUBLIC "-//Hibernate/Hibernate Mapping DTD 3.0//EN"
"http://hibernate.sourceforge.net/hibernate-mapping-3.0.dtd">
<!-- Generated Mar 24, 2019 11:42:37 PM by Hibernate Tools 3.5.0.Final -->
<hibernate-mapping>
    <class name="com.niit.hiber.Person1" table="PERSON1" discriminator-value="P">
        <id name="personId" type="long">
            <column name="PERSONID" />
            <generator class="native" />
        </id>
        
        <discriminator column="DISCRIMINATOR" type="string" />
        <property name="firstname" />
             <property name="lastname" column="lastname" />
       <subclass name="com.niit.hiber.Employee1" extends="Person1" discriminator-value="E">
       <property name="departmentName" column="department_name" />
       <property name="joiningDate" type="date" column="joining_date" />
       
       
       </subclass>
           
        
    </class>
</hibernate-mapping>
