<?xml version="1.0"?>
<!DOCTYPE hibernate-mapping PUBLIC "-//Hibernate/Hibernate Mapping DTD 3.0//EN"
"http://hibernate.sourceforge.net/hibernate-mapping-3.0.dtd">
<!-- Generated Mar 25, 2019 10:22:41 AM by Hibernate Tools 3.5.0.Final -->
<hibernate-mapping>
    <class name="com.niit.hiber.Student" table="STUDENT100">
        <id name="studentId" type="int">
            <column name="STUDENTID" />
            <generator class="native" />
        </id>
        <property name="firstName" type="java.lang.String">
            <column name="FIRSTNAME" />
        </property>
        <property name="lastName" type="java.lang.String">
            <column name="LASTNAME" />
        </property>
        <property name="rollno" type="java.lang.String">
            <column name="ROLLNO" />
        </property>
        <property name="age" type="int">
            <column name="AGE" />
        </property>
        
        <component name="studentClass" class="com.niit.hiber.StudentClass">
        	<property name="classId" column="Class_Id" type="string"></property>
        	<property name="className" column="Class_Name" type="string"></property>
        </component>
        <!-- 
        <many-to-one name="studentClass" class="com.niit.hiber.StudentClass" fetch="join">
            <column name="STUDENTCLASS" />
        </many-to-one> -->
    </class>
</hibernate-mapping>
